<NCScript xmlns="http://secure.newcropaccounts.com/interfaceV7">
  <Credentials>
    <partnerName>clicktate</partnerName>
    <name>demo</name>
    <password>demo</password>
    <productName>www.clicktate.com</productName>
    <productVersion>5.0</productVersion>
  </Credentials>
  <UserRole>
    <user>LicensedPrescriber</user>
    <role>doctor</role>
  </UserRole>
  <Destination>
    <requestedPage>compose</requestedPage>
  </Destination>
  <Account ID="T1">
    <accountName>Clicktate Practice</accountName>
    <siteID>1</siteID>
    <AccountAddress>
      <address1>4350 Brownsboro Rd</address1>
      <city>Louisville</city>
      <state>KY</state>
      <zip>40207</zip>
      <country>US</country>
    </AccountAddress>
    <accountPrimaryPhoneNumber>888 825-4258</accountPrimaryPhoneNumber>
    <accountPrimaryFaxNumber>888 825-4258</accountPrimaryFaxNumber>
  </Account>
  <Location ID="1">
    <locationName>Clicktate Practice</locationName>
    <LocationAddress>
      <address1>4350 Brownsboro Rd</address1>
      <city>Louisville</city>
      <state>KY</state>
      <zip>40207</zip>
      <country>US</country>
    </LocationAddress>
    <primaryPhoneNumber>888 825-4258</primaryPhoneNumber>
    <primaryFaxNumber>888 825-4258</primaryFaxNumber>
    <pharmacyContactNumber>888 825-4258</pharmacyContactNumber>
  </Location>
  <LicensedPrescriber ID="1">
    <LicensedPrescriberName>
      <last>Clicktate</last>
      <first>Doctor</first>
    </LicensedPrescriberName>
    <dea>9876543210</dea>
    <licenseState>KY</licenseState>
    <licenseNumber>409329423942</licenseNumber>
    <npi>9876543210</npi>
  </LicensedPrescriber>
  <Staff ID="2">
    <StaffName>
      <last>Clinical</last>
      <first>Sally</first>
    </StaffName>
  </Staff>
  <Patient ID="4133">
    <PatientName>
      <last>Cross</last>
      <first>Debbie</first>
    </PatientName>
    <medicalRecordNumber>cpoe16</medicalRecordNumber>
    <PatientAddress>
      <address1>16 Clicktate Drive</address1>
      <city>Lexington</city>
      <state>KY</state>
      <zip>40515</zip>
      <country>US</country>
    </PatientAddress>
    <PatientContact>
      <homeTelephone>888-825-4258</homeTelephone>
    </PatientContact>
    <PatientCharacteristics>
      <dob>19780623</dob>
      <gender>F</gender>
    </PatientCharacteristics>
  </Patient>
</NCScript>
